Firstname;Lastname;Gender;Salary;Team_leader;Hire_date
Sandie;Bertold;M;2105,33;1;2001-04-04
Bill;Desai;D;2102,15;1;2001-07-11
Tracey;Faso;F;3723,92;1;2004-05-04
Fred;Freddi;M;1317,86;1;2005-03-04
Jaclyn;Greenwald;M;3233,28;1;2009-06-14
Kaia;Christal;F;2277,78;2;2004-01-14
Jenda;Docilla;M;1439,24;3;2014-02-03
Raf;Posner;M;3842,62;3;1982-05-01
Cecile;Eachern;M;1286,49;2;1983-02-22
Giustina;Paine;M;3891,89;3;2013-11-06
Quintina;Adalbert;M;1941,63;4;2007-05-20
Rivalee;Poppy;F;2611,48;4;1995-01-24
Ilse;Vastah;M;1339,35;5;2014-11-22
Mallory;Stanwood;F;2886,73;5;1984-09-18
Leanna;Haymes;F;1707,66;5;2016-08-08
Nadine;Lory;F;1170,55;8;1994-05-06
Barbara;Shuler;D;3040,4;11;2007-02-24
Alyssa;Aaberg;F;3208,84;3;1996-04-19
Vere;Shuler;F;2804,16;1;1991-07-31
Frieda;Whittaker;F;2880,13;8;1997-09-28
Keelia;Berl;M;1662,82;12;1995-10-22
Kelly;Ranjiv;M;1745,29;11;1981-02-23
Selia;Bohlin;F;2528,61;11;2016-12-19
Yetty;Albertine;M;2103,58;7;1989-07-15
Melodie;Cath;F;3555,75;7;2015-09-02
Therine;Lowry;M;3904,15;15;2008-06-25
Augustine;Waite;M;3301,16;4;1986-04-20
Odessa;Mata;F;3475,43;14;2004-04-17
Christal;Eliathas;F;3454,24;6;1982-10-29
Lorne;Rhu;F;1359,71;4;2013-05-28
Dacia;Marisa;M;3406,93;9;2019-05-06
Gwenneth;Dermott;D;2676,79;4;1991-08-21
Consuela;Eachern;M;2398,67;6;1984-12-27
Allis;Campball;F;1354,18;15;2006-02-07
Rosabelle;Eiser;F;2393,16;9;1986-10-02
Joceline;Ehrman;F;1792,15;9;2002-04-21
Elyssa;Redmond;F;2336,32;9;1991-10-02
Nananne;Myrilla;M;2386,41;12;2013-08-08
Ada;Leopold;M;2687,31;4;2010-04-17
Harmonia;Glovsky;D;3710,87;14;1993-12-23
Linet;Simmonds;M;3103,01;14;2015-10-20
Eve;Gert;M;3766,44;12;1980-12-29
Frank;Huggins;M;3230,69;12;2011-12-23
Brianna;Melan;D;1853,97;5;1992-01-17
Brandise;Tarrant;F;3353,79;14;1996-03-21
Jacquetta;Even;M;1222,67;6;2010-02-28
Dede;Jobi;M;1537,18;4;2003-03-23
Briney;Stefa;F;2843,57;14;2019-08-12
Verla;Even;F;2856,34;15;2011-09-19
Allyce;Salchunas;M;2166,07;6;2007-07-02
Eadie;Pierette;D;3141,33;15;1984-10-01
Dulcinea;Rheingold;M;2533,58;7;1997-08-21
Inga;McGrody;D;1628,19;11;2015-05-09
Katuscha;Rooney;M;1593,03;14;1986-02-11
Atlanta;Leary;F;1594,41;4;1997-04-03
Zia;Trinetta;F;1894,94;13;2018-02-01
Dominga;Bluh;F;3444,18;6;1998-01-19
Hettie;Killigrew;M;2597,03;13;2007-08-12
Dari;Kristi;M;1497,27;6;2006-03-13
Claresta;Obed;M;3610,49;2;1996-07-20
Marcy;Martsen;F;2176,38;10;2000-09-22
Nessie;Iphlgenia;M;3659,77;12;1983-02-22
Danika;Braun;F;2726,42;11;1988-10-27
Lyssa;Couture;M;1652,55;1;2017-02-13
Libbie;OCarroll;M;3024,77;2;1995-01-03
Janis;Lewes;F;3277,65;5;1992-04-27
Romona;Latini;F;3670,99;5;2006-05-22
Bertine;Atonsah;M;1680,65;7;1983-03-20
Hollie;Tiffa;D;2648,24;13;2015-01-21
Janey;Stevy;M;3068,46;5;2006-12-17
Cyndie;Sabella;M;1366,37;4;2011-02-02
Annabela;Arley;M;1499,79;14;2004-04-23
Juliane;Loeb;M;1944,52;6;2015-07-13
Nanete;Shuler;F;2630,51;11;2006-04-02
Jenda;Campball;D;1683,24;12;2016-11-27
Hallie;Chandler;M;3707,84;15;1990-04-19
Wileen;Israeli;M;3471,05;14;1995-03-30
Kaia;Adalbert;M;3928,88;10;2011-08-10
Annaliese;Ball;D;1121,56;7;1981-01-07
Fidelia;Moseley;M;2027,04;1;2003-12-13
Daune;Toor;M;3343,52;10;2012-04-11
Gui;Leopold;M;3495,83;8;2011-09-05
Benita;Bates;M;2379,87;3;1993-09-18
Tatiania;Center;F;1883,73;5;2012-12-06
Lynnea;Helve;M;1292,84;15;2008-03-23
Elise;Merat;M;1752,81;8;2019-10-28
Millie;Simmonds;F;1232,11;3;2012-06-28
Tabbatha;Minetta;M;3883,09;2;2013-06-19
Tierney;Schwejda;D;2900,34;10;2004-07-14
Bertine;Schonfeld;F;1985,23;8;2016-03-20
Christian;Evvie;F;1831,57;12;1996-07-01
Sean;Mott;F;2171,09;15;1998-08-03
Corly;Giule;D;3710,34;5;1996-06-08
Carlie;Aida;F;3966,25;3;2002-05-30
Barbi;Pyle;F;3022,99;8;1992-03-24
Renae;Gwenore;D;1336,87;1;2017-09-14
Lanae;Tatianas;F;1319,97;13;2007-11-04
Camile;Malvino;M;2173,85;11;2004-05-17
Imojean;Sadowski;F;3460,53;4;2015-08-30
Ebonee;Ralfston;M;2692,75;2;1994-01-12
Annaliese;Sheng;F;3642,33;9;2004-11-24
Karlee;Corilla;F;3377,28;9;2016-09-16
Ayn;Adalbert;D;1758,23;15;1994-03-10
Tierney;Iiette;M;3610,67;3;2007-08-23
Anthia;Anderea;M;2294,79;7;2004-02-26
Emma;Payson;F;3117,5;3;2003-11-17
Elora;Tyson;F;1111,66;5;2001-09-20
Aigneis;Travax;D;2911,23;1;1992-08-29
Beth;Merna;F;2537,76;13;2015-11-15
Maisey;Macey;D;2051,78;12;2008-08-05
Tracey;Erskine;F;3725,53;1;1981-10-21
Ottilie;Vary;F;3846,66;2;1980-06-04
Alejandra;Ax;D;2825,14;2;1981-12-10
Theodora;Vernier;F;1927,3;2;1987-08-28
Glynnis;Carvey;M;2970,2;8;1981-03-22
Arlina;Fosque;F;3197,42;15;1988-01-10
Fanny;Manolo;M;1378,15;2;1986-02-15
Inga;Darrell;D;2334,48;9;2018-10-01
Hayley;Tomasina;M;2801,24;3;2008-04-27
Concettina;Berl;M;1505,86;7;2012-07-15
Althea;Suk;F;2209,57;9;1980-10-21
Imojean;Caitlin;M;3054,25;11;2017-08-03
Teriann;Tremayne;F;1656,48;15;1988-11-13
Gwenneth;Fabiola;F;2232,4;5;2016-02-04
Abbie;Devlen;M;3715,65;14;2018-05-29
Maud;Gilbertson;F;1188,56;4;1988-02-28
Nonnah;Keily;D;2987,44;15;1980-06-21
Gerianna;Edmund;F;2692,4;9;1985-09-03
Sharai;Henrie;M;3913,74;5;2015-05-29
Dulcinea;Sikorski;F;2401,07;11;1990-02-03
Teriann;Allina;D;2398,25;1;2008-01-05
Jobi;Fancie;M;2789,85;9;2004-07-26
Netty;Naor;F;2561,7;10;1995-06-28
Vivia;Llovera;F;3805,91;12;2010-01-24
Diena;Louanna;F;1545,43;9;2001-12-08
Eve;Secrest;F;2920,82;5;2015-07-08
Ana;Peonir;D;1538,59;11;2011-09-04
Mariann;Naashom;M;3685,26;3;2012-12-08
Karina;Gunn;M;3432,81;15;2003-01-19
Jolyn;Iaverne;F;2553,24;13;1990-09-24
Camile;Bethany;D;2654,45;10;2016-08-22
Fayre;Himelman;F;3761,88;10;1991-03-02
Harrietta;Luhe;M;2860,33;13;2002-04-23
Aigneis;Kylander;F;2100,58;10;2013-04-17
Robbi;Tayib;F;2512,1;14;2005-11-15
Cissiee;Papageno;M;2434,61;6;1980-08-08
Moyna;Paine;M;1843,35;8;2000-06-11
Ira;Edison;F;3957,96;10;2015-02-21
Violet;Cadmar;F;2282,67;5;1982-04-22
Sadie;Calhoun;D;1763,9;7;2006-11-30
Calla;Atonsah;D;3651,36;2;1994-12-29
Linzy;Yoko;M;2182,31;4;2017-03-14
Jean;Keelia;F;3058,63;14;1987-06-14
Teddie;Sasnett;M;3810,88;12;2008-04-12
Kimberley;Rocray;F;1643,82;4;2013-05-30
Nessie;Codding;F;2462,56;15;1984-05-12
Sabina;Woodberry;F;3433,04;12;2000-02-23
Allyce;Alexandr;M;2348,72;6;1995-03-09
Merci;Evangelia;M;2563,97;5;1996-10-24
Dominga;My;M;1246,87;14;2006-03-28
Dennie;Dosia;F;1242,1;5;1984-05-10
Shaylyn;Claudine;D;1637,13;13;2017-02-24
Elvira;Seumas;F;1861,08;2;1985-10-02
Vonny;Braun;M;3802,08;15;1986-03-09
Odessa;Gale;F;1618,44;14;2002-05-25
Lorne;Jena;M;3943,93;10;1990-02-07
Berta;Edvard;D;1346,79;7;1994-03-01
Merci;Travax;M;1679,14;2;2017-02-17
Anthia;Bendick;F;1436,21;14;2016-10-26
Cassondra;Thomasina;D;3863,2;1;2014-07-06
Carmencita;Pulsifer;F;3824,3;11;1987-07-17
Lorne;Leonard;F;3408,68;5;2019-04-05
Dorice;Barrus;F;1541,19;5;1986-05-28
Peri;Teddman;M;1123,39;3;2006-12-23
Sophia;Marden;D;3369,59;11;2019-10-23
Diena;Linehan;F;1853,31;6;2002-07-16
Shaylyn;Erb;D;2205,02;1;1993-06-10
Wanda;Beniamino;D;3669,62;2;2017-06-26
Ebonee;Bartlett;D;1431,1;10;2013-06-21
Kara-Lynn;Celestine;F;1762,61;6;2002-11-03
Justinn;Heidt;M;1140,39;12;2014-03-30
Ellette;Cassius;D;1318,18;1;1999-08-18
Monika;Cecile;M;2737,58;3;2004-10-31
Tani;Ellerey;F;1183,89;9;1996-10-28
Pollyanna;Arley;F;3255,51;1;2011-01-01
Carol-Jean;Geffner;F;3531,41;13;1980-12-12
Luci;Havens;M;1213,49;7;1992-09-30
Elfreda;Morehouse;D;3266,52;12;2013-08-29
Asia;Whittaker;F;1115,44;14;1997-10-23
Amalie;Stanwood;M;2117,97;10;1980-03-07
Penelopa;Moseley;M;3065,86;3;1980-01-28
Anica;McLaughlin;F;3284,69;8;2004-01-26
Susette;Odell;M;2519,81;12;1985-10-21
Gilligan;Schroth;M;3484,63;4;2005-10-04
Valera;Oneida;F;3110,88;6;1986-07-18
Farrah;Orpah;D;2938,39;12;1990-05-20
Genovera;Publia;F;2359,38;14;2010-08-11
Kayla;Dowski;M;2216,62;12;2013-05-26
Maridel;Blisse;M;2933,6;15;1990-04-01
Jenilee;Aprile;M;1308,58;7;2003-11-22
Laure;Mallon;F;1537,73;14;1990-03-13
Devina;Cadmar;F;2098,03;6;2004-08-07
Fidelia;Stevy;F;2200,21;6;1981-10-05
Lexine;Nunci;D;3493,6;7;2018-11-22
Benita;Nikaniki;D;1328,99;6;2015-10-02
Aeriela;Joni;D;2487,94;13;1991-04-02
Raf;Lilas;F;3472,91;5;1994-01-10
Kore;Serilda;F;3376,5;14;2017-06-16
Rani;Leopold;M;1101,44;8;2009-05-08
Karlee;Rad;F;3378,19;1;2014-06-02
Allis;Syd;D;3854,14;3;1999-09-21
Lilith;Bethany;F;1400,86;8;1999-12-23
Shauna;Marden;M;3688,29;8;2014-08-10
Meghann;Orpah;D;1177,14;14;1983-04-19
Sue;Clie;M;3795,92;1;1981-10-09
Misha;Pierette;M;3564,87;10;1983-11-07
Adele;Durante;F;1349,48;3;1996-07-25
Melina;Neils;M;3528,74;11;2012-03-24
Romona;Pernick;F;3268,75;5;2003-09-05
Brynna;Breed;D;3764,04;15;1981-02-10
Zsa Zsa;Scammon;F;3692,12;10;2014-10-03
Marleah;Ehrman;F;2471,8;15;2005-07-14
Wynne;Screens;F;2418,31;1;1983-12-24
Daryl;Deny;M;2260,82;10;2015-02-03
Regina;Wittie;F;2029,41;7;2015-07-11
Henriette;Concha;M;1789,65;11;2006-06-07
Jessamyn;Hunfredo;F;1871,75;7;2001-06-30
Rosene;Cecile;D;3014,03;14;2014-08-23
Sherrie;Lareena;F;1224,78;14;1981-03-22
Elyssa;Haymes;F;1486,77;7;2011-10-15
Rayna;Bord;F;1755,4;8;1990-01-26
Rebeca;Herrera;M;1524,39;3;2003-06-01
Lenna;Phi;M;3419,42;14;2004-12-27
Doro;Kazimir;D;3560,12;5;2006-03-25
Betta;Diogenes;F;2885,42;8;1996-07-08
Xylina;Lumbard;F;1550,48;3;1996-02-10
Frieda;Tengdin;F;2758,27;5;2017-12-11
Felice;Etom;F;3911,17;11;2003-06-10
Harrietta;Johnsson;M;2606,42;7;1982-06-07
Winny;Afton;F;3532,82;5;2018-01-14
Ezmeralda;Natica;F;3125,01;5;1984-07-24
Anallese;Weitman;M;2052,08;13;1989-05-02
Barbi;Hebner;M;2822,13;4;1989-08-30
Merrie;Arne;D;2053,07;13;1986-01-28
Madeleine;Bibi;M;2399,53;4;2002-05-27
Rhoda;Gert;F;2390,85;13;1992-01-09
Jsandye;Gavrila;M;3939,06;14;1992-02-15
Dione;Berriman;F;2683,09;10;2006-06-07
Jackie;Harriman;F;2952,52;5;2000-06-03
Marti;Bluh;D;3341,83;5;1998-11-02
Constance;Harriman;F;3191,63;9;1991-09-11
Sissy;Dreda;F;1804,1;10;1994-08-01
Karlee;Cleo;F;2993,6;5;1980-11-24
Desirae;Havens;F;1157,32;14;2017-12-30
Arlina;Camden;M;2753,54;7;1980-11-12
Sharlene;Albertine;D;2328,15;1;1996-05-31
Max;Lanita;F;1728,19;13;2003-12-20
Eolanda;Soneson;F;1447,74;10;1994-07-15
Tressa;Cornelia;M;3178,38;2;1993-07-29
Corina;Vale;M;1812,44;2;1985-04-14
Susette;Ethban;M;1393,37;13;1992-07-12
Paulita;Evangelia;F;2072,51;10;2003-03-19
Hallie;Kare;M;1989,38;6;1992-06-22
Sybille;Soneson;F;3757,49;6;1991-04-10
Antonietta;Kaete;F;3292,05;13;2019-07-19
Shannah;Dorothy;M;1702,26;3;2011-01-16
Bibby;Euridice;D;2205,93;4;1996-06-02
Janis;Yam;M;2808,89;1;1983-05-14
Frieda;Alejoa;F;2918,49;5;2011-07-20
Roxane;Wolfgram;F;2591;8;2014-01-04
Olwen;Lenny;F;1694,41;13;1987-11-20
Chrystel;Weide;M;3119,21;5;1991-04-01
Kamilah;Sundin;M;1334,22;13;2015-07-30
Therine;Sekofski;D;1969,14;12;1992-08-08
Viviene;Drus;F;3179,35;4;2001-09-03
Pollyanna;Decato;M;3245,5;5;1988-05-28
Consuela;Woodberry;D;2058,71;3;1983-03-21
Roseline;Rebecka;M;3024,73;14;2006-11-17
Kaja;Tacye;M;1889,9;10;1985-05-29
Lindie;Buckler;F;3149,13;10;2007-12-27
Amara;Kaete;D;2529,09;7;1993-08-10
Clo;Ursulette;F;2781,65;3;2015-09-04
Edee;Nelsen;F;1951,67;10;2011-05-05
Rhea;Fillbert;M;3540,25;1;2013-03-04
Madalyn;Therine;M;3543;9;2014-05-04
Fidelia;Donoghue;M;3691;7;2014-09-24
Jessy;Doig;F;1642,56;10;2001-04-08
Merci;Karna;F;2307,45;4;2015-05-16
Jany;Fiann;M;1873,34;10;2018-10-21
Hayley;Percy;D;3827,29;11;2018-08-09
Nananne;Mullane;F;3238,92;8;2013-07-16
Ida;Jethro;F;2446,81;12;2013-03-01
Pierette;Wittie;M;3513,07;8;1996-03-31
Claresta;Publia;M;1985,46;1;2014-02-15
Sadie;Maryanne;D;3708,81;11;2011-04-22
Tiffie;Hoenack;F;3573,11;2;1987-03-29
Rhea;Carleen;F;1479,58;3;2006-03-20
Annecorinne;Tillford;M;1778,09;13;2012-08-18
Lindie;Jary;F;3079,23;4;1985-10-30
Clarice;Levey;F;1919,75;15;1997-08-25
Libbie;Craggie;D;1231,53;6;2012-05-31
Deloria;Ursulette;F;3774,86;3;1980-01-05
Audrie;Mitzi;F;1152,58;4;1986-07-24
Pamella;Payson;D;2750,86;7;1992-04-29
Viki;Tound;F;2543,41;14;1990-12-25
Viki;Angelis;F;2170,7;2;1982-04-21
Ann-Marie;Dorcy;F;3131,5;3;1998-11-18
Violet;Georas;F;1387,15;14;2014-02-27
Selma;Stuart;F;3376,64;2;1992-10-16
Sherrie;Thema;F;1894,43;7;1982-09-12
Frank;Melony;F;2755,43;12;2009-05-09
Halette;Hubert;M;1863,67;6;1986-04-18
Deedee;Corrine;D;3081,65;5;1987-04-24
Madalyn;Maxi;F;3991,46;13;2000-04-23
Catharine;Ehrman;M;1556,55;15;1984-07-16
Judy;Baptlsta;D;2561,61;11;1998-08-10
Meghann;Abernon;F;2362,16;13;2004-07-03
Moyna;Ulphia;F;3398,42;5;2006-01-23
Charissa;Dorcy;F;3316;9;1996-11-11
Fina;Bates;M;2119,35;9;1986-02-28
Margarette;Yoko;F;3303,87;15;1993-04-21
Dione;Wandie;M;1218,72;13;2017-09-04
Caritta;Radu;F;1717,55;7;1992-03-05
Eolanda;Pattin;D;3753,43;7;1998-09-10
Carmela;Shirberg;M;3246,72;8;1995-01-15
Layla;Monaco;F;2530,01;3;1989-09-24
Tybie;Holbrook;F;1484,14;8;1999-03-10
Bettine;Elvyn;D;1463,02;1;2010-01-21
Renae;Montgomery;M;2039,8;5;2006-02-10
Lilith;Horan;F;2890,28;15;2014-07-08
Corene;Aurelio;M;2329,1;1;1998-10-09
Kathy;Ellerey;F;2436,18;12;1992-04-09
Elsie;Callista;F;1243,6;3;2009-04-17
Ayn;Thema;M;1112,33;15;2000-03-25
Nannie;Clie;D;1934,36;1;2009-03-07
Jan;Nedrud;M;3474,79;7;1993-08-01
Jillayne;Noman;F;3470,11;13;2005-06-20
Konstance;Diogenes;M;3238,15;12;1985-04-27
Belinda;Pattin;F;1651,15;13;1984-01-26
Wilma;Olnee;M;1172,43;14;2016-10-20
Clo;Maurine;D;1330,68;2;1999-01-19
Netty;Lia;F;3373,72;15;1998-05-27
Mireielle;Bonucci;F;2139,39;3;1986-05-19
Patricia;Justinn;F;1110,94;14;2002-11-13
Louella;Dannye;F;3127,79;4;2009-12-12
Silvana;Aurelio;F;2799,63;10;1986-06-07
Meghann;Eno;F;3035,1;5;1992-05-30
Gilda;Roscoe;M;3677,23;5;2011-06-25
Cindelyn;Nisbet;D;1595,55;10;2007-03-07
Dennie;Philoo;M;3258,46;4;2010-09-11
Quintina;Eckblad;M;2511,97;14;2010-02-14
Judy;Nelsen;M;3776,12;1;2007-01-07
Jinny;LaRue;M;2957,68;3;2015-04-14
Melodie;Toni;F;2419,04;15;2001-06-04
Lilith;Jeanne;F;3379,06;3;1992-09-04
Florencia;Prouty;M;3143,78;15;2009-01-24
Cindelyn;McClimans;F;2191,15;2;2001-09-26
Jolyn;Markman;F;2916,86;11;1991-03-16
Nanete;Leopold;M;1222,6;6;2005-04-21
Isa;Arvo;M;3576,28;13;1980-04-17
Briney;Quinn;M;3387,13;10;1983-09-05
Lesly;Zachary;D;1723,35;9;1998-06-29
Corly;Geffner;F;3162,02;6;2009-01-09
Gui;Krystle;D;1108,49;14;2018-01-06
Flo;Quent;F;3141,08;8;1999-01-24
Kassey;Roche;F;3812,49;14;1980-12-30
Janis;Lymann;F;2117,08;13;1982-05-13
Max;Carleen;F;2049,38;15;2010-01-20
Keelia;Caitlin;D;2327,97;12;2011-01-15
Gabi;Camden;M;3002,57;2;2018-05-18
Tierney;Wareing;F;1718,22;7;2002-04-26
Drucie;Tamar;M;2338,88;11;2015-07-21
Doro;Honoria;D;2986,94;10;2007-04-08
Roslyn;Braun;M;2244,45;11;1980-02-03
Aaren;Earlie;F;1366,76;7;1989-10-14
Ginnie;Catie;M;3618,25;4;1991-10-06
Vinita;Modie;F;1481,55;2;2019-04-14
Larine;Kevon;D;2708,5;15;1982-10-24
Hermione;Ledah;M;1640,37;1;2004-09-23
Barbi;Hillel;M;3878,92;10;1984-01-09
Ruthe;Cottle;F;1506,63;3;1986-11-09
Shandie;Joeann;F;1704,11;6;1998-12-21
Dede;Huggins;D;2454,68;14;1990-06-23
Petronia;Abram;M;3779,56;1;1989-03-06
Carlie;Buffum;F;3468,67;11;1999-05-21
Chloris;Westphal;F;2180,56;8;1981-09-07
Eolanda;Winnick;F;1201,4;10;1988-10-30
Marinna;Gilbertson;F;1331,13;6;1985-11-19
Mureil;Mauer;D;3202,28;12;2012-12-05
Tonia;Izaak;F;3532,23;2;1990-08-30
Jacquetta;Bluh;F;2570,82;6;1986-08-06
Trudie;Rurik;F;2186,21;11;1984-02-09
Oralee;Stuart;D;1388,98;8;1992-04-08
Bibby;Colp;F;3364,67;9;2012-09-30
Gilligan;Markman;M;1625,53;2;2014-12-20
Siana;Malanie;F;3235,3;2;1999-12-05
Petronia;Ortrude;D;1976,96;9;2005-04-27
Ketti;Brenn;F;1127,52;12;2003-05-15
Constance;Neils;F;2082,5;7;2014-11-26
Olwen;Toor;F;3575,4;9;1984-04-19
Tiffie;Timon;M;2060,43;2;2009-05-17
Elsie;Greyson;D;1747,56;13;1999-07-18
Joeann;Belldas;M;1206,37;12;1993-12-10
Elfreda;Krystle;F;2522,07;9;2004-04-26
Reeba;Gaal;F;2085,97;3;2005-04-27
Sherrie;Albertine;M;1783,86;14;2001-06-10
Kalina;Desai;M;1501,14;14;2003-08-25
Lelah;Peg;D;3483,34;9;2006-03-06
Harrietta;Ciro;M;3520,71;10;1984-11-05
Frieda;Camden;M;2459,25;14;2011-08-12
Alleen;Briney;F;3116,04;8;2012-01-14
Alia;Bartlett;M;2077,82;14;1994-03-24
Emylee;Hedve;M;1909,92;1;2018-03-17
Winifred;Anyah;M;1280,43;14;1996-01-12
Marcy;Melleta;M;1956,64;8;2011-04-30
Gilligan;Decato;M;3465,46;11;2019-04-12
Jaime;Wind;F;3170,25;10;1980-03-02
Rayna;Allina;M;2731,14;11;1995-04-17
Frieda;Valerio;F;2345,83;8;1980-06-11
Tatiania;Shama;M;2267,27;14;1992-11-11
Catrina;Primalia;F;3381,46;3;1982-12-03
Ottilie;Seagraves;D;2906,65;3;1980-12-26
Marsiella;Peg;F;3997,81;8;2010-01-26
Ketti;Georas;M;3524,71;4;1983-11-24
Philis;Claudine;F;3145,01;2;2007-03-28
Marylou;Liebermann;D;1765,4;11;2008-06-10
Jacenta;Connelly;F;1691,49;12;1995-06-14
Ariela;Corabella;F;3065,67;6;2017-04-17
Joleen;Kenwood;M;2298,19;6;2016-02-18
Yetty;Ezar;M;1486,32;7;1984-12-26
Madelle;Naor;D;2893,05;2;2000-09-07
Raf;Poppy;M;2863,13;11;1995-03-28
Margalo;Kauppi;F;1610,48;13;1982-10-22
Sherrie;Ashely;M;2420,01;2;1997-08-31
Carilyn;Bonucci;D;1710,3;13;2015-02-28
Charlena;Alrich;M;3197,04;7;1989-12-30
Kirbee;Kenney;F;1494,23;9;1994-07-16
Gui;Cutlerr;F;2351,26;2;2006-08-12
Eolanda;Tamar;M;2834,48;6;2005-09-28
Gui;Hathaway;F;1808,35;10;1990-08-30
Gusella;Devlen;M;2365,79;8;2015-12-29
Carmencita;Yuille;D;3034,08;11;2014-03-23
Rosene;Jerald;F;3178,67;2;2001-06-10
Nananne;Urias;M;1166,51;4;2003-06-21
Florencia;Bibi;M;3355,06;9;1988-01-19
Dyann;Harday;M;2699,61;11;1987-08-21
Merle;Creamer;F;1459,18;12;2009-09-02
Lonnie;Leler;F;1541,37;12;1996-09-09
Bobinette;Juliet;M;1327,36;9;2013-02-05
Keelia;Kress;F;1444,67;10;1988-05-16
Deane;Silvan;F;1656,91;15;1990-10-23
Dorthy;Wadell;D;1489,19;1;2000-03-14
Allis;Ellerey;D;3966,19;7;2014-07-28
Karolina;Jethro;M;3655,07;1;1996-09-10
Roberta;Frendel;D;3597,51;3;2011-10-31
Florencia;Weide;M;2004,46;1;2003-03-28
Ulrike;Leler;M;2685,38;13;1983-03-13
Viviene;Dorcy;M;2700,29;7;1981-08-31
Clary;Libna;F;1859,67;10;1980-02-28
Jenda;Revkah;M;3618,32;11;1992-03-24
Nadine;Elo;D;3685,47;9;2007-03-03
Dawn;Terrence;M;2732,43;11;2002-05-26
Caryl;Bakerman;M;3337,28;6;2000-09-21
Gwenneth;Raseda;F;3414,74;5;1999-03-23
Alyssa;Wiener;D;2700,69;7;1994-04-01
Kellen;Helfand;M;1306,66;5;1987-09-24
Peri;Trace;D;2584,62;7;1983-10-11
Vonny;Atonsah;M;3585,21;8;1999-02-13
Paule;Penelopa;M;2138,24;8;1999-04-07
Lynea;Jacqui;M;2751,23;5;2019-11-23
Viviene;Gusella;M;3613,02;1;1989-09-06
Courtnay;Dituri;F;3720,15;15;2010-11-30
Perry;Suzetta;M;3123,63;9;2015-03-12
Letizia;Dielu;F;3890,49;8;2019-03-16
Aimil;Gordon;F;3087,98;13;1996-03-25
Clementine;Cohdwell;M;1712,68;14;1987-02-05
Marcelline;Boycey;F;2730,48;12;1980-03-25
Carol-Jean;Saunderson;M;3498,58;14;1990-03-18
Robbi;Bertold;F;3180,99;12;1998-08-27
Bibby;Lacombe;F;3665;14;2003-10-06
Sissy;Brenn;M;1881,54;8;1984-06-11
Vivia;Fancie;D;2687,78;11;2017-06-23
Imojean;Noman;M;3109,53;11;1997-12-01
Ulrike;Philipp;F;1324,84;13;1999-10-05
Merry;Ivens;D;3594,93;8;2016-04-18
Dale;Croix;M;1727,49;1;1983-03-26
Sheelagh;Saint;M;1107,32;6;2003-09-16
Marita;Jefferey;M;2193,13;2;1995-12-24
Zondra;Kenney;F;1570,73;7;2011-09-22
Feliza;Plato;F;1707,91;11;2010-06-25
Imojean;Hashim;D;2526,88;9;1988-11-09
Minda;Leler;M;2956,85;15;1988-04-27
Ronna;Sundin;M;3188,43;8;1986-03-01
Madalyn;Lindemann;M;1845,57;12;2004-09-03
Anallese;Fiann;F;3003,9;1;1994-10-06
Flory;Burnside;F;3901,23;6;2006-09-13
Dotty;Olnee;D;3201,14;5;1991-02-21
Sara-Ann;Judye;F;2330,72;5;2007-06-04
Emylee;Philoo;M;1827,16;12;2013-06-05
Philis;Ricarda;M;2440,64;1;2003-04-08
Marcy;Sikorski;F;2903,58;7;2007-06-28
Lila;Leifeste;M;1630,57;1;2017-10-28
Elise;Dowski;M;1353,5;13;2012-03-23
Jemie;Erskine;F;2359,79;7;1987-07-31
Margalo;Toffic;M;1437,24;13;2006-11-21
Katuscha;Lewes;F;1103,12;11;2003-01-07
Dominga;Brittani;D;1126,76;5;2010-12-01
Madeleine;Lumbard;F;1456;6;1994-09-04
Norine;Johanna;M;2738,33;1;1989-06-05
Bertine;Vharat;M;2154,78;1;1999-03-31
Dulcinea;Marisa;F;3995,2;4;2015-02-17
Alyssa;Dosia;M;3165,82;4;1980-04-23
Thalia;Goldina;M;3322;14;1996-02-20
Rani;Arley;F;2676,17;14;1981-03-30
Marcelline;Urania;M;2916,34;11;2003-09-26
Nickie;Socha;F;2219,51;10;2003-07-30
Alisha;Toni;F;1676,36;4;1996-04-07
Clo;Martsen;M;2941,61;6;1990-03-08
Perry;Paton;M;2878,75;3;1989-02-20
Constance;Sundin;D;3170,45;6;2010-07-16
Shandie;Wittie;F;1375,75;7;1997-11-14
Anthia;Ricarda;D;1472,72;3;2006-03-02
Ileana;Stilwell;F;3260,68;10;2017-11-03
Jenda;Kaete;M;2628,38;2;2014-07-29
Renie;Henrie;D;1803,66;7;2014-06-21
Libbie;Zeeba;M;2117,07;8;2012-09-28
Steffane;Syd;M;2808,71;10;1993-06-18
Lilith;Konyn;M;1772,01;14;2018-02-03
Lonnie;Kazimir;F;2497,91;15;1990-10-26
Claudina;Keelia;D;1156,22;2;2013-11-19
Tera;Eliathas;M;2841,37;13;1996-12-01
Constance;Bates;M;3086,67;7;2002-12-18
Ellette;Edvard;M;2153,7;13;2017-08-21
Lolita;Heidt;M;2914,17;7;1988-01-10
Kassey;Joeann;F;3965,17;14;1989-02-23
Selia;Louanna;M;2304,73;2;1987-05-27
Felice;Nisbet;M;3542,12;3;1995-06-26
Lexine;McNully;M;3013,16;9;2012-06-15
Claudina;Urania;M;2170,52;2;1987-07-05
Clary;Agle;F;3625,69;8;2018-12-24
Thalia;Ailyn;F;1808,35;14;1996-09-10
Elena;Westphal;M;1499,65;12;2009-03-08
Alex;Stephie;F;2193,13;12;2007-07-17
Ardenia;Dreda;D;3715,96;15;1986-12-18
Rochette;Scammon;M;2121,11;10;1999-08-25
Alyssa;Kronfeld;D;2057,77;2;2007-08-20
Siana;Christal;M;2110,06;7;2003-07-25
Clementine;Boehike;F;3408,46;9;2004-05-31
Tobe;Ogren;D;2161,21;10;2016-11-28
Evaleen;Eachern;F;3518,45;11;1988-10-15
Priscilla;Grobe;M;2663,6;6;1987-09-19
Maryellen;Tamsky;M;2947,2;4;2008-12-27
Maisey;Gower;D;3941,34;2;1987-01-28
Joelly;Ezar;F;1922,69;13;1985-01-03
Kial;Woodberry;M;2999,43;6;1990-07-08
Sybille;Infield;M;3939,34;10;2019-06-10
Viviene;Skell;M;1458,25;15;1995-07-24
Mireielle;Francyne;D;3077,9;12;2006-04-14
Annaliese;Buttaro;D;3332,87;12;1994-12-14
Willetta;Iaverne;M;1146,98;10;2018-02-24
Adele;Janith;F;2675,44;4;1980-08-29
Raf;Lesley;M;3423,01;2;1990-02-21
Fernande;Brian;M;2110,76;12;1983-03-02
Hayley;Charmine;F;3339,18;15;1994-05-12
Karly;Anis;M;1348;4;2004-10-15
Anestassia;Shields;F;3114,67;9;2012-10-04
Farrah;Travax;F;2901,45;1;2010-01-08
Kaia;Tybald;F;2059,16;10;1988-09-01
Kristina;Wesle;F;2800,83;12;2016-05-09
Rosabelle;Sundin;M;2538,4;10;1995-04-25
Sheelagh;Lynn;F;2259,08;2;1980-12-12
Orsola;Cohdwell;M;2283,54;2;2014-09-14
Lilith;Kazimir;M;3894,9;9;1991-11-25
Annora;Syd;M;2468,16;7;2009-10-30
Inga;Suzetta;F;3421,7;2;2010-08-03
Dede;Gualtiero;M;1932,47;11;2013-01-15
Mamie;Couture;M;1892,51;8;1982-09-22
Dulce;Monk;M;3202,65;6;1992-04-28
Zondra;Swanhildas;M;2501,08;15;1995-09-06
Lynnea;Zaslow;D;3024,07;10;1982-08-20
Kenna;Christal;M;3647,62;7;2008-07-10
Cacilie;Nelsen;F;2432,43;7;1997-12-12
Marti;Casimir;F;3191,08;4;2004-07-20
Jobi;Huggins;F;2099,83;4;1988-08-07
Eve;Diann;F;1922,19;3;1997-11-27
Corly;Chrystel;M;1310,36;6;1990-10-17
Camile;Kelula;M;1637,16;2;1984-11-09
Marti;Belldas;D;2578,29;3;2017-10-08
Melodie;Kamaria;M;3894,16;2;2007-12-22
Rhea;Lissi;D;3797,98;5;1989-03-26
Felice;Stuart;M;2379,04;10;1991-07-09
Mellicent;Lissi;F;2080,31;2;1995-03-24
Pamella;Zenas;F;2146,34;5;1991-04-21
Laurene;Tiffa;F;1639,46;3;2000-05-09
Celestyna;Armanda;F;3178,29;2;1980-09-20
Leia;Rudolph;M;3457,33;3;1994-07-07
Laure;Hieronymus;F;2109,43;3;1981-05-30
Shaine;Cleavland;M;2340,32;10;1981-06-15
Etta;Arne;F;3616,93;1;1993-11-21
Jessy;Colbert;M;1894,22;15;1995-05-22
Tamqrah;Phaidra;F;3443,62;5;2005-04-01
Jemie;Fulmer;F;1991,77;2;1987-03-31
Flory;Cherianne;F;1194,89;8;2017-12-30
Darci;Fleeta;M;2742,24;7;1991-10-14
Karina;Viddah;D;3872,43;5;1992-11-28
Lulita;Brittani;F;1233,95;2;2012-10-23
Clarice;Maxi;F;3405,79;8;2001-01-20
Elbertina;Lasley;F;2007,54;1;1990-07-29
Talya;Adore;F;3005,57;15;1985-02-09
Ardeen;Wittie;M;3675,99;7;2007-10-17
Janey;Alice;F;2837,02;10;2002-01-28
Larine;Adalbert;F;3517,61;12;1983-10-20
Jean;Daniele;M;3176,18;9;2005-05-10
Tybie;Chauncey;D;1746,38;1;1990-06-16
Blake;Toor;M;2977,18;11;2017-02-20
Stacey;Harriman;F;1222,28;2;1995-08-30
Bill;Armanda;M;3572,79;6;2005-02-18
Karly;Abbot;M;1982,33;1;1986-03-13
Wendi;Frodi;F;3848,95;2;2014-01-08
Amii;Chem;D;2272,19;11;2010-05-16
Florie;Blase;F;2345,4;13;2006-04-03
Starla;Kunin;F;2857,69;4;2014-12-21
Maridel;Bollay;M;1439,47;3;1993-07-31
Dulcinea;Mata;M;3338,29;12;2001-01-05
Inga;Ball;F;3880,49;13;2004-03-28
Shaine;Maiah;M;2435,44;8;1986-07-31
Justinn;Bivins;M;2841,73;3;1980-11-04
Devina;Wattenberg;M;2198,62;1;1981-08-20
Vere;Karl;F;1298,12;11;2014-01-14
Caryl;Tayib;F;1562,2;1;1982-05-22
Shirlee;Harl;M;3059,13;3;1993-02-22
Priscilla;Radu;M;1208,89;5;1997-08-24
Consuela;Casimir;F;2162,77;8;2000-02-02
Etta;Corilla;M;3364,94;13;2005-06-01
Sindee;Huggins;F;2446,15;13;1980-10-09
Renae;Flita;F;2940,42;11;1998-08-15
Dede;Argus;D;2258,19;14;2000-10-04
Nicoli;Gilmour;F;3285,51;13;2005-04-07
Aili;Junie;M;2434,56;11;2002-03-26
Chastity;Beniamino;F;2292,05;5;2012-06-12
Ardeen;Stanwood;F;3433,82;5;1994-12-16
Randa;Israeli;D;1999,03;5;2014-11-26
Leontine;Deegan;F;1324,25;9;1982-08-23
Kary;Fennessy;D;1352,91;13;1987-12-02
Cathyleen;Isidore;D;1671;2;1980-08-12
Oona;Tamsky;F;2563,89;10;1992-10-05
Noelle;Seligman;F;2236,56;6;1992-12-27
Jsandye;Blisse;D;2622,03;7;1990-03-15
Sissy;Engdahl;F;1858,72;11;2002-04-23
Tracey;Cecile;D;3349,87;10;2007-02-22
Maud;Ivens;M;2868,44;5;1982-03-21
Jeanna;Soneson;M;2969,58;9;2012-04-05
Janey;Keelia;F;3968,08;4;1987-06-06
Brandise;Jacqui;M;3082,29;6;1999-07-22
Cam;Emanuel;F;2732,22;10;1982-12-17
Abbie;Aprile;F;2907,19;15;2019-09-15
Tiffie;Marisa;M;1526,68;5;1989-05-13
Merry;Bahr;M;1501,63;8;1982-12-10
Mariann;Grobe;M;2421,03;13;1996-02-02
Marcelline;Evvie;F;3492,42;13;1994-10-08
Elbertina;Henebry;F;1550,43;5;1988-10-16
Georgetta;Sacken;M;1601,19;15;2015-09-23
Veda;Magnolia;M;2960,66;10;2018-09-11
Elise;Amasa;D;3988,09;12;1993-04-09
Kial;Sabella;M;3972,27;15;1998-05-16
Beverley;Roxanna;M;3872,06;9;2018-08-29
Babita;Garrison;D;2498,49;3;2012-08-23
Charissa;Amasa;F;3717,14;13;2001-07-28
Reeba;Bivins;M;3741,44;1;2000-03-16
Anthia;Modie;F;1672,34;14;2016-04-19
Wendi;Pyle;F;2312,37;13;2003-08-09
Maye;Kylander;M;1153,13;11;1995-06-24
Michaelina;Anton;D;3408,39;9;1985-03-26
Dorice;Berne;F;2013,13;8;2017-07-06
Ethel;Delacourt;M;1461,25;6;1989-08-18
Maisey;Cleo;F;2018,9;15;2008-08-13
Gloria;Carbo;F;1423,93;7;1994-10-02
Fanchon;Allys;M;3962;14;1987-09-23
Edyth;Tengdin;D;2612,76;11;2019-05-08
Margarette;Joachim;F;3619,59;11;1999-02-14
Mary;Carbo;M;2677,77;9;2014-09-14
Esmeralda;Isacco;F;3588,7;9;1988-07-21
Brena;Erminia;F;3460,24;11;1995-11-17
Jackie;Sammons;M;3913,5;6;2016-02-27
Gui;Armanda;M;3664,72;8;2012-08-28
Kara-Lynn;Douglass;F;3227,02;15;2010-03-20
Danika;Dermott;F;3914,2;11;2001-03-22
Giustina;Bakerman;M;3121,44;7;1988-01-19
Brana;Aurelio;M;3787,7;1;1993-12-30
Carree;Hailee;M;3000,66;9;2011-11-09
Sissy;Center;M;1917,05;1;1983-11-14
Sophia;Seligman;M;3219,47;9;2012-10-29
Willetta;Urania;D;2441,03;8;2001-03-06
Bobbi;Schwejda;F;3990,52;6;2010-02-02
Averyl;Hachmin;D;1479,16;9;1986-07-31
Gwenneth;Armanda;D;2176,93;13;1988-05-11
Tierney;Terrence;M;3886,66;9;1994-07-19
Tilly;Knowling;M;1893,34;10;2016-05-29
Jenilee;Pettiford;M;2024,91;2;1996-02-16
Leeanne;Randene;F;2970,23;5;2017-10-01
Ronna;Yerkovich;F;2267,5;15;1993-03-15
Philis;Alfons;M;3501,87;15;1993-06-03
Jenilee;Rad;M;3611,78;14;2014-12-12
Dorene;Orpah;M;3491,73;4;2000-03-29
Nananne;Aaberg;M;2916,62;3;2015-10-09
Nessie;Maurine;F;3106,69;4;1999-08-01
Paola;Mendez;M;2409,22;14;1987-07-22
Sheree;Hanshaw;M;2483,71;10;2003-06-02
Alisha;Edmund;D;2719,82;13;2015-08-24
Sybille;Egbert;M;1137,95;11;2010-06-16
Marguerite;Strephon;F;1840,33;9;1999-08-23
Arlena;Evvie;M;3030,33;12;2013-08-12
Joleen;Hurley;D;3913,01;6;2013-10-05
Mamie;Hashim;M;2275,97;8;1991-05-25
Roslyn;Firmin;D;3512,73;11;1981-11-27
Ofilia;Moina;D;2937,06;4;1994-06-21
Dacia;Gillan;F;3965,64;5;2003-12-19
Constance;Wadell;F;1226,15;5;1983-09-05
Modestia;Raffo;M;3615,26;13;2001-09-19
Deane;Mayeda;M;3209,55;4;1989-12-06
Olwen;Fleeta;F;2873,6;12;2003-01-15
Jessy;Danby;M;2921,75;1;1993-07-15
Katharina;Michella;M;2440,76;7;2016-03-16
Kittie;Carri;M;2612,36;10;2013-07-06
Cathyleen;Bertold;M;1769,55;15;2014-09-18
Tressa;Rooney;F;1616,6;9;1999-03-26
Katharina;Brian;M;1109,49;4;2018-07-07
Frances;Philipp;M;3997,8;6;2016-09-07
Cassandra;Neva;M;3336,95;10;1994-08-09
Morganica;Leary;F;3756,42;13;2001-04-12
Heida;August;F;1334,09;1;1989-10-01
Jany;Kenwood;M;2055,57;6;2012-07-26
Amii;Tannie;M;1811,39;11;2015-10-30
Flory;Fleeta;M;3413,52;10;2009-05-21
Gianina;Karl;M;2831,41;13;2010-04-30
Basia;Koehler;M;1494,54;4;1982-07-17
Gilligan;Hollingsworth;F;3545,38;9;2010-04-23
Siana;Rodmann;D;1400,18;7;2001-05-10
Odessa;Kaete;M;3651,78;2;2017-04-10
Siana;Jillane;F;2021,4;6;2012-11-12
Janey;Adlare;D;2535,84;14;1993-07-26
Gretal;Edison;M;2062,66;11;2006-05-09
Karlee;Kellby;M;2322,4;5;1992-06-24
Nollie;Ahab;M;3649,68;13;2018-01-01
Gwenneth;Maisey;D;1421,1;14;2015-06-29
Adore;Wareing;F;2981,67;13;2013-07-19
Sara-Ann;Kannry;M;3712,05;1;2009-04-05
Sophia;Dahlia;M;3643,34;9;1981-07-20
Gratia;Erskine;M;3125,32;13;1980-12-30
Siana;Burch;M;2225,47;12;1987-08-28
Cam;Desai;F;1283,05;14;2006-09-08
Esmeralda;Ellord;F;3806,23;7;1996-07-03
Kassey;Socha;M;3445,79;11;1996-05-28
Lanae;Nerita;F;2186,71;2;1999-06-04
Deane;Engdahl;F;2374,18;12;2012-02-15
Sean;Nance;F;2629,38;11;1984-11-24
Odessa;Zachary;M;1476,62;4;1992-01-07
Helsa;Hepsibah;M;2447,02;12;2017-12-18
Hermione;Tremayne;M;2569,62;14;1998-04-14
Darlleen;Stevy;M;3756,1;14;2015-06-01
Kylynn;Shirberg;M;3614,22;3;2012-03-21
Dagmar;Socha;M;1279,11;9;1989-05-20
Fayre;Koziara;M;3679,86;10;2018-09-19
Karolina;Reinke;F;3494,3;15;2008-07-30
Lizzie;Rheingold;F;1144,04;6;2009-12-26
Maurene;Alcott;M;2461,14;5;1982-06-11
Romona;Saunderson;D;1895,69;3;1991-04-09
Rosaline;Anselmi;F;3954,41;2;1981-02-08
Lonnie;Therine;M;1608,06;10;1995-04-04
Lauryn;Goerke;M;3804,52;6;2018-01-22
Meg;Jena;F;2274,1;1;2018-07-15
Rubie;Marijo;D;2829,31;7;1988-01-14
Jacquetta;Ferrell;M;1355,87;4;2002-07-26
Christian;Zola;M;1660,86;8;2012-08-31
Aili;Goth;M;1144,03;15;2017-03-04
Belinda;Dearborn;M;1643,24;12;1994-03-13
Lusa;Voletta;M;2131,71;8;1989-02-20
Brianna;Honoria;D;2480,9;8;1995-01-22
Trixi;Sibyls;M;1640,05;8;1994-09-28
Annecorinne;Fairweather;F;1498,03;12;1993-06-18
Nickie;Hebner;M;1618,34;8;2011-01-27
Etta;Ethban;M;2116,59;6;1982-01-30
Michaelina;Mintz;F;3340,12;5;2004-10-19
Kial;Girardo;F;1998,77;14;2002-04-23
Natka;Brotherson;D;3278,96;10;1985-04-23
Asia;Wattenberg;F;1505,79;2;1994-12-11
Coral;Papageno;F;1748,02;10;2019-02-14
Aili;Florina;M;3274,59;15;1985-06-26
Jere;Schroth;F;1807,16;14;2005-04-10
Dolli;Philipp;M;2706,84;10;2019-08-22
Cathyleen;Junie;M;2030,97;13;2006-09-13
Kerrin;Heidt;F;3830,8;9;1990-08-02
Bee;Heidt;F;3985,86;1;2006-02-04
Clary;Wenoa;M;1332,67;15;2001-10-23
Helsa;Stacy;F;1396,24;8;2003-09-04
Lorne;Ilka;M;2865,48;12;2018-05-28
Marsiella;Chobot;F;3312,76;7;1989-04-24
Belva;Koehler;M;3664,47;4;1997-08-18
Penelopa;Malina;M;1623,92;9;1987-01-14
Kate;Fulmer;M;1549,81;1;1994-11-08
Fawne;Vittoria;M;3691,24;14;2004-12-12
Shell;Gabrielli;M;2298,63;2;1983-03-24
Lynde;Naashom;F;3819,51;6;2019-06-19
Elyssa;Klemperer;F;3952,29;15;2016-06-16
Jinny;Vary;D;3859,93;9;2006-09-14
Feliza;Jethro;D;1259,32;8;2009-09-04
Ursulina;Hillel;D;2901,69;13;1986-07-19
Heddie;Jobi;F;2906,15;8;1999-10-16
Elvira;Fiann;D;3663,55;1;2002-10-27
Christy;Billye;F;1461,89;4;2011-05-26
Kial;Rodmann;D;1912,12;13;1992-09-26
Chastity;Jotham;D;2390,27;15;1982-04-22
Sarette;Nester;F;2331,73;15;2003-04-21
Chickie;Faust;F;2843,18;12;2010-11-28
Dyann;Pulsifer;M;2881,09;6;1993-07-12
Ericka;Germann;D;3653,84;4;2000-03-15
Lacie;Marijo;M;3572,88;8;1989-02-24
Adelle;Grimbly;M;1511,95;1;2012-07-25
Edith;Tristram;F;3250,4;1;1982-05-05
Susan;Whittaker;M;2430,79;7;1988-11-11
Kimberley;Scammon;M;3957,35;15;2009-03-16
Jorry;Eugenia;M;2084,67;12;1998-11-24
Jordan;Ries;M;2005,07;3;1993-06-21
Kellen;Prober;D;2636,23;1;2018-10-17
Krystle;Zenas;D;3182,08;5;2010-12-15
Verla;Chrystel;M;2288,5;4;1989-06-19
Cyndie;Amand;D;3468,26;14;1993-05-10
Deirdre;Tristram;M;3939,22;14;2007-06-20
Winifred;Pyle;D;2527,14;11;2008-09-05
Sharai;Stav;F;3339,87;12;2014-01-14
Kaja;Gunn;D;1668,34;8;1999-08-14
Deedee;Alrich;F;1666,63;5;2014-06-17
Christy;Raimondo;F;2331,01;1;2008-12-31
Gratia;Reidar;D;1874,89;4;2007-02-12
Marcelline;Zitvaa;M;3635,94;1;2007-12-11
Margalo;Latini;M;3945,21;5;2008-01-05
Darlleen;Avi;F;1354,78;4;2009-04-01
Danika;Weitman;D;2967,1;7;1989-12-02
Shauna;Millda;M;2573,18;8;1981-08-29
Tierney;Waldron;D;1114;3;1980-07-17
Josephine;Koziara;M;3609,53;7;2002-12-13
Ann-Marie;Fosque;M;1710,03;8;1989-02-25
Maud;Abbot;D;2611,56;9;2017-12-08
Estell;Linskey;F;1496,16;15;1980-04-12
Vita;Doig;F;3220,93;12;1981-04-15
Marcy;Edmund;M;1362,57;2;1988-01-29
Darlleen;Zetta;F;3511;8;2019-11-18
Diena;Prouty;D;3606,4;12;1983-07-12
Janis;Lewes;F;3391,34;4;1982-05-12
Lanae;Marden;D;3183,1;1;2005-07-17
Lauryn;Hermes;D;2183,08;2;2007-05-16
Minda;Drus;F;2663,47;15;2002-09-16
Giustina;Holbrook;M;1414,7;9;2019-07-03
Hannis;Khorma;M;2262,78;10;2007-01-11
Margalo;Longfellow;M;3680,16;10;2019-10-22
Laure;Regan;D;1985,87;6;2005-05-10
Dolli;Lay;F;3308,58;3;2013-01-14
Wendi;Wilkinson;M;2664,19;4;2012-12-21
Candi;Desai;D;2506,44;2;1983-04-28
Angelique;Yate;M;3710,32;6;2016-05-09
Adelle;Astra;F;3841,48;8;2009-04-15
Ada;Gert;D;1519,79;14;1998-07-18
Vinita;Stefa;D;2506,35;2;2014-08-06
Tybie;Thad;F;2846,96;9;1983-09-04
Madalyn;Aaberg;M;3322,05;9;2015-01-08
Viviene;Cutlerr;F;1727,7;15;2000-06-21
Thalia;Ardeha;F;2437,54;11;1992-10-02
Nerta;Mendez;F;1220,39;1;2018-01-12
Dede;Jenness;F;2869,03;9;1980-05-07
Elsie;Telfer;F;1561,92;11;2015-03-01
Alisha;Sacken;F;3151,53;11;1982-12-15
Orsola;Konyn;D;3205,51;11;1996-10-14
Mureil;Edee;M;3056,48;13;2009-06-01
Giustina;Dituri;D;1606,56;15;1987-12-24
Sara-Ann;Cavan;F;1756,14;8;1991-06-01
Letizia;Stanwood;D;2573,82;12;2007-02-16
Di;Gerge;D;2466,34;6;1983-01-13
Kirbee;Thornburg;F;1102,95;2;2012-08-29
Dorthy;Maryanne;D;3286,43;1;1995-02-07
Allyce;Sacken;F;2536,9;7;2000-06-04
Phylis;Zaslow;M;1867,56;14;1998-04-10
Berta;Nahum;D;1127,34;12;1990-02-28
Shaylyn;Wilona;F;1411,29;6;2019-07-19
Bernie;Anastatius;D;2579,33;9;2004-01-02
Estell;Behre;M;2456,4;7;2015-07-26
Neila;Carey;M;2159,76;15;1980-12-10
Karly;Demitria;M;3898,59;9;2014-11-05
Lauryn;Martguerita;M;3007,8;1;2019-06-07
Frank;Henebry;F;1713,4;13;1980-07-06
Alyssa;Zaslow;M;3890,11;12;2009-01-29
Vonny;Joachim;D;3482,57;3;2017-01-07
Leanna;Konyn;F;1731,56;5;1998-08-12
Cam;Eckblad;M;2275,36;11;1997-03-10
Mary;Pillsbury;M;1482,55;12;2004-10-24
Vere;McClimans;F;2061,75;8;2014-12-28
Gratia;Christine;D;3739,54;6;2000-03-13
Beatriz;Lymann;M;1877,85;7;2012-03-27
Britte;Brackely;M;3873,84;1;1982-11-25
Kittie;Bandeen;M;2404,23;14;2011-11-09
Gilda;Dudley;D;1469,89;14;2004-04-17
Cassandra;Hermes;F;2645,8;14;1982-05-01
Tarra;Anastatius;M;1772,13;8;1988-12-02
Sibella;Dalli;M;3368,34;8;1986-07-09
Halette;Hutchison;F;1629,97;14;2011-09-22
Nickie;Borrell;F;1786,91;11;1988-01-17
Madalyn;Meli;M;1527,38;6;1982-05-05
Marnia;Donoghue;D;1547,51;1;2002-12-02
Adelle;Dimitris;F;3901,23;9;2014-12-07
Leia;Berard;M;3751,84;1;1997-02-20
Hallie;Gibbeon;F;2156,54;11;1997-11-19
Dania;Gibbeon;M;1921,26;1;1997-05-07
Lynea;Friede;F;2982,52;4;2000-07-20
Kellen;Ade;F;2649,89;12;1998-09-17
Sandie;Pattin;D;3175,2;1;2007-04-15
Amalie;Anderea;M;1290,57;6;1998-06-26
Cordi;Ramona;M;3956,6;1;2009-12-18
Ivett;Louanna;M;1472,25;12;2010-07-11
Max;Hailee;F;1167,47;13;1987-03-20
Tera;Linehan;M;2958,68;15;2019-10-05
Dale;Ade;M;2083,11;12;1985-04-07
Bobbi;Colp;M;1169,29;3;1991-05-11
Marsiella;Trace;M;2076,42;12;2004-09-23
Lisette;Letsou;M;2791,16;14;1984-10-26
Florencia;Cookie;M;2432,16;10;2018-12-31
Therine;Noman;F;2339,24;8;1992-04-21
Monika;Raama;D;2268,08;12;1993-03-28
Elena;Orpah;M;3516,72;15;2019-10-16
Jany;Erminia;D;1822,54;4;2003-03-13
Dorothy;Noman;M;3979,94;15;2007-02-24
Celene;Cleo;F;3047,56;2;1999-07-06
Maryellen;Trinetta;M;2279,8;10;2009-05-21
Daphne;Hartnett;D;2741,61;5;2014-11-25
Farrah;Lemuela;M;1340,84;5;2015-04-24
Paule;Stoller;F;1148,32;1;2002-07-04
Kristan;Friede;M;2475,71;6;2010-05-06
Amii;Zetta;D;1614,61;13;1999-07-17
Leeanne;Horan;M;1407,27;2;1983-05-24
Livvyy;Mata;M;1665,9;3;2002-03-13
Emylee;Bryna;D;2000,63;6;1981-11-08
Grier;Peonir;M;3657,84;13;1999-11-30
Marsiella;Blake;F;2265,67;11;2005-09-11
Rebeca;Publia;M;2599,51;13;2019-01-06
Karlee;Poll;F;1393,87;15;1987-10-18
Briney;Gaspard;F;3725,53;14;1985-06-20
Minda;Eckblad;M;1636,42;12;1985-03-13
Charlena;Rese;F;1172,76;14;2002-03-04
Tiffie;Marden;D;1897,83;8;1993-10-12
Maisey;Tomasina;M;3502,6;8;2017-09-20
Roxane;Jillane;M;2370,03;13;1982-05-09
Ronna;Virgin;M;2945,86;5;1997-04-19
Josephine;Oriana;D;2538,75;1;1985-12-24
Fred;Wallis;M;3105,94;4;2003-08-19
Leia;Carolin;M;3098,88;12;2015-04-03
Justinn;Brenn;D;2823,35;9;1992-01-16
Sibella;Wildermuth;M;2429,3;2;1997-08-15
Tera;McNully;F;1386,07;9;2009-02-08
Elsie;Han;M;1150,18;1;2005-10-31
Marita;Thema;F;1308,26;13;1994-11-24
Pierette;Leopold;D;2785,58;7;2011-10-23
Christian;Land;M;2092,89;4;2006-05-11
Deane;Rolf;M;1294,11;10;2001-09-29
Bernie;Sallyann;D;1431,03;2;2003-02-02
Ermengarde;Jenness;F;2611,56;4;2008-11-23
Katuscha;Matthew;M;1402,47;6;1985-01-01
Carmela;Christal;M;3091,87;8;2019-03-05
Krystle;Niles;F;2161,92;1;1993-02-16
Eugine;Atonsah;D;1536,81;14;1981-08-25
Janis;Pacorro;M;2866,08;1;1995-04-22
Moyna;Caitlin;F;2273,12;9;1981-11-19
Renie;Moseley;M;2050,63;6;2016-04-21
Charmaine;Wiener;F;3386,86;7;2013-08-15
Kamilah;Pip;M;3900,88;9;1997-06-10
Ellette;Dimitris;M;1821,03;4;1994-05-30
Gertrud;Tippets;M;2303,24;5;1981-09-14
Thalia;Tryck;D;3617,27;12;2014-06-23
Marleah;Teddman;M;3512,93;7;1986-05-04
Kaja;OCarroll;F;3766,08;1;2005-04-05
Ardys;Faust;M;3049,11;7;1987-06-27
Letizia;Craggie;D;1550,96;1;2001-06-30
Alejandra;Burnside;F;2729,47;14;1996-12-14
Lorne;Waite;M;1436,19;11;1991-03-13
Maridel;Riordan;M;2501,06;10;1982-05-18
Merry;Jorgan;F;1390,61;6;2010-11-19
Catharine;Rocray;M;3845,7;7;1991-03-03
Tera;Macey;M;3793,09;12;1980-05-09
Blondelle;Camden;F;2832,5;14;2011-01-12
Jean;Lutero;M;3843,86;13;1994-11-24
Betta;Pyle;F;3695,21;9;2001-04-04
Lonnie;Korey;F;1912,78;3;1987-03-27
Frances;Blake;F;1913,47;15;1992-04-04
Madelle;Christal;F;3494,09;11;2010-11-17
Blinni;Herrera;F;3144,26;2;1982-12-03
Joy;MacIntosh;M;1232,71;7;1983-10-27
Cacilie;Wattenberg;M;1987,33;12;1994-03-20
Mildrid;Aurelio;F;1924,16;6;1981-10-26
Jacenta;Horan;M;3289,67;15;2001-07-13
Tina;Hartnett;M;2271,2;3;2019-06-14
Andree;Craggie;M;2818,67;5;2015-01-26
Lolita;Mike;F;2397,56;3;1990-06-27
Frances;Brunell;F;1300,34;1;1982-02-12